,capacity,cost
51,61.68176,2.1
17,58.37738,8.4
50,66.0876,5.9
6,92.52264,2.4
